,timestamp,timezone,humidity,pm_10,pm_2_5,pm_2_5_sp,temperature
0,2023-04-01 07:00:00,Asia/Bangkok,73.86169434,4.727272727,4.727272727,4.727272727,30.18944855
1,2023-04-03 07:00:00,Asia/Bangkok,67.87249343,16.04636591,14.58521303,14.69924812,29.89514344
2,2023-04-04 07:00:00,Asia/Bangkok,62.99595206,13.30013928,11.93802228,11.94289694,33.85340107
3,2023-04-05 07:00:00,Asia/Bangkok,59.48205054,11.86433566,10.73356643,10.73356643,35.77221914
4,2023-04-06 07:00:00,Asia/Bangkok,66.49357396,16.40583739,14.75886032,14.84016678,31.86249797
5,2023-04-07 07:00:00,Asia/Bangkok,67.05732989,14.29108635,13.01671309,13.01740947,32.9954137
6,2023-04-08 07:00:00,Asia/Bangkok,60.81536955,19.9556338,17.8971831,18.22253521,36.06037846
7,2023-04-09 07:00:00,Asia/Bangkok,60.19132929,6.298810357,5.615115465,5.816655003,35.71060531
8,2023-04-10 07:00:00,Asia/Bangkok,60.21641019,8.566852368,7.598885794,7.598885794,35.22001645
9,2023-04-11 07:00:00,Asia/Bangkok,60.27275622,26.64161447,23.62839248,23.91788448,35.81245566
10,2023-04-12 07:00:00,Asia/Bangkok,59.60332157,36.84561892,31.27121001,33.48261474,35.95038678
11,2023-04-13 07:00:00,Asia/Bangkok,58.36025118,42.68850174,35.18397213,39.35261324,36.84038541
12,2023-04-14 07:00:00,Asia/Bangkok,59.05511798,38.58635097,32.46518106,35.0821727,36.04151691
13,2023-04-15 07:00:00,Asia/Bangkok,58.54445923,42.90611961,35.27607789,39.74687065,36.92879519
14,2023-04-16 07:00:00,Asia/Bangkok,57.67974641,50.1620306,40.21349096,49.13351878,36.88704829
15,2023-04-17 07:00:00,Asia/Bangkok,61.27273007,34.91504178,28.99094708,33.40320334,33.47309803
16,2023-04-18 07:00:00,Asia/Bangkok,58.60164592,48.30480167,38.95615866,46.33959638,36.47152895
17,2023-04-19 07:00:00,Asia/Bangkok,59.1845007,42.48400556,35.04172462,39.52642559,35.9678461
18,2023-04-20 07:00:00,Asia/Bangkok,66.67255356,36.74182324,30.4091858,34.15588031,33.97787393
19,2023-04-21 07:00:00,Asia/Bangkok,63.71142901,43.29902643,39.0132128,43.56536857,35.62531282
20,2023-04-22 07:00:00,Asia/Bangkok,67.35737481,48.06889353,44.9394572,51.38830898,35.26264039
21,2023-04-23 07:00:00,Asia/Bangkok,69.73733291,45.54108635,41.39345404,44.88857939,32.37895041
22,2023-04-24 07:00:00,Asia/Bangkok,65.49214129,36.19554628,31.96242171,31.88935282,33.67830089
23,2023-04-25 07:00:00,Asia/Bangkok,61.90472896,33.50417246,29.12447844,26.5876217,36.40416635
24,2023-04-26 07:00:00,Asia/Bangkok,61.22957919,30.32287308,26.48396095,24.30125523,36.31607534
25,2023-04-27 07:00:00,Asia/Bangkok,61.96303504,19.20041754,16.57967989,13.63952679,35.95238863
26,2023-04-28 07:00:00,Asia/Bangkok,61.02551397,30.98188153,26.52682927,23.22229965,35.64973604
27,2023-04-29 07:00:00,Asia/Bangkok,60.20185635,38.61908078,34.19637883,34.9735376,36.34670566
28,2023-04-30 07:00:00,Asia/Bangkok,61.3136541,40.00278358,36.20807237,37.6506611,35.56212232
29,2023-05-01 07:00:00,Asia/Bangkok,60.83755121,28.3902439,24.51637631,21.28083624,36.48603358
30,2023-05-02 07:00:00,Asia/Bangkok,62.21956533,19.76270007,16.92832289,13.53514266,35.72833609
31,2023-05-03 07:00:00,Asia/Bangkok,71.65730228,14.47079277,12.42280946,9.550764951,31.41431742
32,2023-05-04 07:00:00,Asia/Bangkok,66.44853226,23.12552301,20.94630404,21.05439331,35.10442499
33,2023-05-05 07:00:00,Asia/Bangkok,63.07178651,27.85326843,25.61821975,28.59109875,36.05771995
34,2023-05-06 07:00:00,Asia/Bangkok,67.5882508,27.59429367,24.22825331,22.76130828,34.19169448
35,2023-05-07 07:00:00,Asia/Bangkok,67.5340837,25.80654141,22.46833681,19.28670842,35.35186895
36,2023-05-08 07:00:00,Asia/Bangkok,66.26623866,17.76478775,15.49060543,12.94293667,35.28149248
37,2023-05-09 07:00:00,Asia/Bangkok,65.66561365,15.10020877,13.11691023,10.03688239,35.60943476
38,2023-05-10 07:00:00,Asia/Bangkok,66.57036864,24.42996516,21.49268293,19.11498258,34.64008036
39,2023-05-11 07:00:00,Asia/Bangkok,64.83094026,17.16492693,14.89839944,12.25608907,34.7022658
40,2023-05-12 07:00:00,Asia/Bangkok,63.66983341,21.88362369,19.23275261,17.13170732,35.68327496
41,2023-05-13 07:00:00,Asia/Bangkok,61.18500309,24.27545328,21.74546722,21.06834031,36.89614013
42,2023-05-14 07:00:00,Asia/Bangkok,59.65512081,25.02225313,21.75104312,18.85187761,37.16088583
43,2023-05-15 07:00:00,Asia/Bangkok,62.66232293,36.4822547,32.89700765,33.44885177,35.24664765
44,2023-05-16 07:00:00,Asia/Bangkok,66.56326368,26.434238,22.84690327,19.83785665,33.70717473
45,2023-05-17 07:00:00,Asia/Bangkok,64.40501044,23.97355602,20.64161447,17.29088379,34.97618673
46,2023-05-18 07:00:00,Asia/Bangkok,65.31582052,23.88756983,20.65013966,17.65153631,33.71604094
47,2023-05-19 07:00:00,Asia/Bangkok,63.27821736,14.95916905,12.90472779,10.26934097,35.45160982
48,2023-05-20 07:00:00,Asia/Bangkok,63.72721411,18.48748261,15.86300417,12.73365786,34.71600635
49,2023-05-21 07:00:00,Asia/Bangkok,59.8689009,20.18984701,17.41794159,14.15577191,37.40614975
50,2023-05-22 07:00:00,Asia/Bangkok,60.28146969,27.58107168,24.11412665,22.02296451,35.27309391
51,2023-05-23 07:00:00,Asia/Bangkok,61.60866176,21.86091794,18.86022253,15.79763561,34.10299712
52,2023-05-24 07:00:00,Asia/Bangkok,59.58390418,29.46764092,26.06193459,25.23173278,36.88891003
53,2023-05-25 07:00:00,Asia/Bangkok,59.84865745,31.64996521,27.68128045,26.40709812,36.37071582
54,2023-05-26 07:00:00,Asia/Bangkok,59.68402236,28.63718663,24.92200557,22.57311978,36.09815465
55,2023-05-27 07:00:00,Asia/Bangkok,64.16042884,25.94277739,22.58688067,19.77739009,33.73377904
56,2023-05-28 07:00:00,Asia/Bangkok,63.50571146,20.07451253,17.2632312,14.27089136,35.27745451
57,2023-05-29 07:00:00,Asia/Bangkok,69.40027908,22.1147427,18.97079277,15.50973574,32.57462354
58,2023-05-30 07:00:00,Asia/Bangkok,63.36116021,20.98052851,18.00139082,14.91585535,35.50724353
59,2023-05-31 07:00:00,Asia/Bangkok,64.60082753,24.09116214,21.11691023,18.87473904,34.14348342
60,2023-06-01 07:00:00,Asia/Bangkok,62.32157545,17.91137474,15.31053733,12.38660154,35.97145054
61,2023-06-02 07:00:00,Asia/Bangkok,60.69572942,16.37534819,14.23467967,11.76253482,35.86639787
62,2023-06-03 07:00:00,Asia/Bangkok,58.79673755,11.75905292,10.18314763,7.766713092,37.08347201
63,2023-06-04 07:00:00,Asia/Bangkok,60.65199723,12.83449235,11.21070932,8.744089013,35.33561271
64,2023-06-05 07:00:00,Asia/Bangkok,58.94007036,21.87891441,19.32428671,17.30201809,36.05681099
65,2023-06-06 07:00:00,Asia/Bangkok,60.74319768,24.91724618,21.93393602,19.7635605,35.23588517
66,2023-06-07 07:00:00,Asia/Bangkok,63.78442026,14.96587744,12.97144847,10.44986072,34.17909202
67,2023-06-08 07:00:00,Asia/Bangkok,64.58090382,19.28183716,16.67849687,13.66875435,33.62770861
68,2023-06-09 07:00:00,Asia/Bangkok,63.46078092,37.17618384,33.81476323,35.75139276,35.78891233
69,2023-06-10 07:00:00,Asia/Bangkok,63.8442218,42.42240779,37.09046625,40.84620738,35.05188944
70,2023-06-11 07:00:00,Asia/Bangkok,63.82629649,38.8922114,34.87691238,35.37760779,34.25035437
71,2023-06-12 07:00:00,Asia/Bangkok,69.53760836,35.65274878,32.00904662,32.37995825,32.95084848
72,2023-06-13 07:00:00,Asia/Bangkok,65.04155399,39.21279555,35.36300417,36.07927677,35.47874695
73,2023-06-14 07:00:00,Asia/Bangkok,63.53135377,42.51192504,38.24105622,39.1362862,35.63254595
74,2023-07-01 07:00:00,Asia/Bangkok,67.84407419,12.63430726,11.08105561,8.796418473,31.13194104
75,2023-07-02 07:00:00,Asia/Bangkok,68.55286536,11.3507891,9.705164993,7.547345768,32.2409236
76,2023-07-03 07:00:00,Asia/Bangkok,63.14222831,13.45720251,11.46903271,8.783576896,35.84160982
77,2023-07-04 07:00:00,Asia/Bangkok,61.74103038,29.1678273,26.18871866,25.65738162,36.26939333
78,2023-07-05 07:00:00,Asia/Bangkok,62.08552663,28.74773519,25.5087108,23.60557491,36.17613364
79,2023-07-06 07:00:00,Asia/Bangkok,59.11567731,34.01815642,30.80935754,31.7150838,36.87934684
80,2023-07-07 07:00:00,Asia/Bangkok,58.65470434,25.55470383,22.41533101,20.14634146,35.96188876
81,2023-07-08 07:00:00,Asia/Bangkok,62.24891546,16.6077886,14.27468707,11.72114047,34.55581198
82,2023-07-09 07:00:00,Asia/Bangkok,63.43199027,11.41906097,9.937631395,7.590749825,33.89284329
83,2023-07-10 07:00:00,Asia/Bangkok,64.7202578,12.17677903,10.63595506,8.293632959,32.75719357
84,2023-07-11 07:00:00,Asia/Bangkok,68.43731155,11.34247539,10.08087201,8.401547117,33.56822219
85,2023-07-12 07:00:00,Asia/Bangkok,65.98456224,14.0210084,12.28291317,9.924369748,34.5868595
86,2023-07-13 07:00:00,Asia/Bangkok,68.93888193,16.53375087,14.16214335,11.15100905,33.53906174
87,2023-07-14 07:00:00,Asia/Bangkok,64.20118732,22.3581363,19.50625869,16.78859527,35.75896453
88,2023-07-15 07:00:00,Asia/Bangkok,60.29864981,27.63585823,24.39888812,23.48019458,36.37207519
89,2023-07-16 07:00:00,Asia/Bangkok,60.5368569,24.03830084,20.48189415,17.64832869,35.5632731
90,2023-07-17 07:00:00,Asia/Bangkok,57.80328739,18.22825331,15.27279054,12.16492693,36.46842431
91,2023-07-18 07:00:00,Asia/Bangkok,58.94101328,17.60751566,14.7835769,11.5184412,35.42414464
92,2023-07-19 07:00:00,Asia/Bangkok,57.86245793,10.09388646,8.629548763,6.564046579,36.15946728
93,2023-07-20 07:00:00,Asia/Bangkok,70.45824957,22.29178273,19.6775766,17.55710306,30.09635463
94,2023-07-21 07:00:00,Asia/Bangkok,63.99565906,12.70940767,10.68571429,8.131010453,34.99022842
95,2023-07-22 07:00:00,Asia/Bangkok,65.87621187,29.43184979,25.69749652,22.98956885,33.48824407
96,2023-07-23 07:00:00,Asia/Bangkok,65.04575257,26.05779944,23.06685237,21.18941504,34.10116955
97,2023-07-24 07:00:00,Asia/Bangkok,62.81113053,35.03760446,31.10097493,36.04665738,35.16022366
98,2023-07-25 07:00:00,Asia/Bangkok,60.48204852,29.62674095,25.52924791,24.93662953,35.65512357
99,2023-07-26 07:00:00,Asia/Bangkok,61.43129862,25.60960334,21.76339596,18.28392484,36.54677612
100,2023-07-27 07:00:00,Asia/Bangkok,68.06203263,29.70264624,25.9770195,24.23885794,31.6823189
101,2023-07-28 07:00:00,Asia/Bangkok,62.25657719,23.53862213,19.78148921,17.31732777,36.27098195
102,2023-07-29 07:00:00,Asia/Bangkok,61.08526284,19.98329854,16.79192763,13.91092554,35.76628556
103,2023-07-30 07:00:00,Asia/Bangkok,59.5119617,18.59151009,15.5782881,12.62352122,36.0604903
104,2023-07-31 07:00:00,Asia/Bangkok,67.14450762,31.26253482,27.24512535,24.99860724,32.74729205
105,2023-08-01 07:00:00,Asia/Bangkok,69.59136347,29.95755045,26.45163535,24.85316632,32.48855878
106,2023-08-02 07:00:00,Asia/Bangkok,71.99442234,24.65899582,21.88075314,20.44072524,31.96904918
107,2023-08-03 07:00:00,Asia/Bangkok,68.95875467,36.63769124,32.36022253,35.2837274,34.32710396
108,2023-08-04 07:00:00,Asia/Bangkok,65.43043504,32.19902575,28.65622825,29.08837857,35.09848704
109,2023-08-05 07:00:00,Asia/Bangkok,65.06247348,42.63509749,38.41852368,40.99512535,35.12583146
110,2023-08-06 07:00:00,Asia/Bangkok,68.57642756,43.26425591,39.49443672,44.29902643,33.78596299
111,2023-08-07 07:00:00,Asia/Bangkok,65.04165766,24.69171886,21.14265832,19.78566458,35.04240733
112,2023-08-08 07:00:00,Asia/Bangkok,65.39484907,18.8713491,16.16063978,12.79276773,34.33914269
113,2023-08-09 07:00:00,Asia/Bangkok,62.54976255,19.88588589,17.26426426,14.82132132,34.89709205
114,2023-08-10 07:00:00,Asia/Bangkok,67.81006708,13.50556328,11.6147427,8.973574409,33.03453278
115,2023-08-11 07:00:00,Asia/Bangkok,64.6859463,17.28402367,15.20414201,13.06213018,34.46506381
116,2023-08-12 07:00:00,Asia/Bangkok,61.41878454,17.11200586,15.26793558,13.86530015,36.02831393
117,2023-08-13 07:00:00,Asia/Bangkok,62.47097751,12.60480349,10.96724891,9.788937409,34.70227777
118,2023-08-14 07:00:00,Asia/Bangkok,62.3484662,10.18029197,8.862773723,6.686861314,34.95302184
119,2023-08-15 07:00:00,Asia/Bangkok,68.75623112,15.5885674,13.49964714,10.73253352,31.67280839
120,2023-08-16 07:00:00,Asia/Bangkok,70.46090845,10.64244186,9.186046512,7.101744186,32.18459159
121,2023-08-17 07:00:00,Asia/Bangkok,69.0588991,11.20565371,9.728621908,7.631095406,32.35981168
122,2023-08-18 07:00:00,Asia/Bangkok,64.429042,21.35003479,18.78775226,16.85803758,35.04173862
123,2023-08-19 07:00:00,Asia/Bangkok,62.19981181,15.03977669,13.32588974,11.83112352,35.44294082
124,2023-08-20 07:00:00,Asia/Bangkok,60.47147239,20.92280946,17.68497914,14.40333797,35.90022187
125,2023-08-21 07:00:00,Asia/Bangkok,61.46842941,20.60751566,17.54836465,14.65553236,34.7466818
126,2023-08-22 07:00:00,Asia/Bangkok,60.61778112,22.34794711,19.27974948,16.62978427,35.64661333
127,2023-08-23 07:00:00,Asia/Bangkok,65.71949823,24.92896936,21.90668524,19.52019499,32.98617201
128,2023-08-24 07:00:00,Asia/Bangkok,61.41542631,25.64972145,22.25,18.86977716,35.75711497
129,2023-08-25 07:00:00,Asia/Bangkok,60.88396478,17.57093185,15.23783032,12.12726008,35.53880058
130,2023-08-26 07:00:00,Asia/Bangkok,67.50159851,11.68058455,10.21781489,7.579679889,33.38718677
131,2023-08-27 07:00:00,Asia/Bangkok,76.30648737,19.75340502,17.58853047,16.05878136,32.6809639
132,2023-08-28 07:00:00,Asia/Bangkok,84.48974671,16.07352941,13.97969188,11.27731092,28.24985634
133,2023-08-29 07:00:00,Asia/Bangkok,77.75298793,26.29770445,22.95337159,24.8758967,29.43028707
134,2023-08-30 07:00:00,Asia/Bangkok,84.80749199,18.70900209,16.39288207,14.47034194,28.05912591
135,2023-08-31 07:00:00,Asia/Bangkok,88.41762188,23.31963788,20.53203343,18.10236769,27.61751568
136,2023-09-01 07:00:00,Asia/Bangkok,82.47622372,15.8448519,13.81382228,11.29760226,28.78746613
137,2023-09-02 07:00:00,Asia/Bangkok,91.5338784,13.75072046,12.12536023,10.18443804,26.61461684
138,2023-09-03 07:00:00,Asia/Bangkok,89.28020713,13.24070175,11.52350877,9.197192982,27.34718923
139,2023-09-04 07:00:00,Asia/Bangkok,87.73071841,11.70817704,10.32033008,8.388597149,27.69933926
140,2023-09-05 07:00:00,Asia/Bangkok,95.79528543,18.78932384,16.48967972,13.8455516,25.68589891
141,2023-09-06 07:00:00,Asia/Bangkok,93.89551078,7.881223329,6.872688478,5.003556188,25.63375002
142,2023-09-07 07:00:00,Asia/Bangkok,82.50750492,17.47272727,15.32097902,13.00629371,28.63397309
143,2023-09-08 07:00:00,Asia/Bangkok,86.63190668,37.25644599,33.91567944,35.85226481,28.66367065
144,2023-09-09 07:00:00,Asia/Bangkok,86.25418429,19.95317959,17.21593291,14.51781971,27.94291907
145,2023-09-10 07:00:00,Asia/Bangkok,82.6992403,16.74459177,14.51081647,11.60572226,28.41066611
146,2023-09-11 07:00:00,Asia/Bangkok,90.7511065,8.832229581,7.634289919,5.595290655,25.18127519
147,2023-09-12 07:00:00,Asia/Bangkok,80.75895547,26.18758717,23.17573222,21.25244073,28.633624
148,2023-09-13 07:00:00,Asia/Bangkok,87.70880383,48.09979065,44.63782275,50.08513608,28.32270119
149,2023-09-14 07:00:00,Asia/Bangkok,80.19774496,44.82821229,40.59427374,45.19413408,28.90870449
150,2023-09-15 07:00:00,Asia/Bangkok,83.44512656,46.49617258,42.57063326,46.16353514,28.90833533
151,2023-09-16 07:00:00,Asia/Bangkok,80.25419809,39.06153846,34.31818182,35.18181818,28.96398713
152,2023-09-17 07:00:00,Asia/Bangkok,83.48805939,31.06685237,26.6051532,27.49930362,28.66274601
153,2023-09-18 07:00:00,Asia/Bangkok,81.64252601,31.34335664,27.9048951,27.77972028,28.68169955
154,2023-09-19 07:00:00,Asia/Bangkok,80.88462249,34.84481559,30.78983994,29.19972164,28.45621926
155,2023-09-20 07:00:00,Asia/Bangkok,85.16810477,21.6097561,18.85226481,16.02020906,28.77746936
156,2023-09-21 07:00:00,Asia/Bangkok,81.6976516,20.22035088,17.7922807,17.43087719,28.75177879
157,2023-09-22 07:00:00,Asia/Bangkok,92.08977533,24.45847872,21.61270063,19.33496162,26.55793464
158,2023-09-23 07:00:00,Asia/Bangkok,86.4483854,19.77405858,17.28451883,14.4637378,27.92952266
159,2023-09-24 07:00:00,Asia/Bangkok,93.25697657,23.08838568,20.36449963,19.09642075,26.63911347
160,2023-09-25 07:00:00,Asia/Bangkok,93.33490242,18.66057059,16.31748354,13.73738113,26.44944087
161,2023-09-26 07:00:00,Asia/Bangkok,95.65209613,17.10177936,15.16085409,13.45551601,25.97024359
162,2023-09-27 07:00:00,Asia/Bangkok,95.99850196,10.57800144,9.138749101,6.974119339,25.72992089
163,2023-09-28 07:00:00,Asia/Bangkok,90.91153574,27.30910374,23.94918843,22.36132675,26.34380458
164,2023-09-29 07:00:00,Asia/Bangkok,84.96519629,58.70448179,52.37815126,67.27941176,28.98895297
165,2023-09-30 07:00:00,Asia/Bangkok,86.67815528,82.66201117,67.01117318,97.0726257,28.61073562
166,2023-10-01 07:00:00,Asia/Bangkok,80.81353672,62.34655532,54.45233125,71.77592206,29.45056775
167,2023-10-02 07:00:00,Asia/Bangkok,76.71436806,50.6163522,46.78965758,58.62403913,30.23307728
168,2023-10-03 07:00:00,Asia/Bangkok,84.55710199,37.80013928,33.17130919,32.87883008,28.81204181
169,2023-10-04 07:00:00,Asia/Bangkok,79.68804498,17.8060014,15.40055827,12.75645499,29.36834108
170,2023-10-05 07:00:00,Asia/Bangkok,90.2856743,22.48710801,19.47247387,16.63066202,27.41712174
171,2023-10-06 07:00:00,Asia/Bangkok,83.03856185,18.07810321,15.60041841,12.34100418,28.90644792
172,2023-10-07 07:00:00,Asia/Bangkok,91.51446985,17.37839721,14.87456446,11.80278746,27.57153896
173,2023-10-08 07:00:00,Asia/Bangkok,93.15085413,26.04175365,22.33263744,18.82602644,26.78588003
174,2023-10-09 07:00:00,Asia/Bangkok,92.9493035,46.9846583,43.79497908,52.42259414,27.25222881
175,2023-10-10 07:00:00,Asia/Bangkok,87.209548,48.56114605,45.8546471,54.22711391,28.18572964
176,2023-10-11 07:00:00,Asia/Bangkok,91.7202983,38.87056367,34.05288796,32.67084203,27.05685165
177,2023-10-12 07:00:00,Asia/Bangkok,91.35282929,24.91980474,21.87935844,19.36750349,27.63893363
178,2023-10-13 07:00:00,Asia/Bangkok,92.2104032,24.65947075,21.73607242,19.50069638,26.971926
179,2023-10-14 07:00:00,Asia/Bangkok,92.66056338,19.10570236,16.52642559,13.29346314,27.5942384
180,2023-10-15 07:00:00,Asia/Bangkok,83.33655149,24.33030726,21.06564246,17.58659218,29.41550861
181,2023-10-16 07:00:00,Asia/Bangkok,90.8833597,11.14494774,9.676655052,7.256445993,26.96246475
182,2023-10-17 07:00:00,Asia/Bangkok,86.25762059,13.8651363,12.06599713,9.596843615,28.66455887
183,2023-10-18 07:00:00,Asia/Bangkok,89.26917736,24.38010021,21.1932713,18.65998568,27.138159
184,2023-10-19 07:00:00,Asia/Bangkok,86.53506483,28.14046122,24.51013277,22.00139762,28.19527557
185,2023-10-20 07:00:00,Asia/Bangkok,91.60993078,21.79149233,18.83193863,17.13179916,27.14555305
186,2023-10-21 07:00:00,Asia/Bangkok,88.91830843,26.40572626,23.36731844,21.73044693,27.86396987
187,2023-10-22 07:00:00,Asia/Bangkok,89.62103708,17.86401674,15.4818689,12.33403068,27.78531893
188,2023-10-23 07:00:00,Asia/Bangkok,89.67043539,22.36256089,19.81767571,19.09116214,27.31920233
189,2023-10-24 07:00:00,Asia/Bangkok,86.85402525,24.69155618,21.64340544,21.034194,27.80096528
190,2023-10-25 07:00:00,Asia/Bangkok,83.76705118,22.99428571,20.19428571,18.15642857,28.57736895
191,2023-10-26 07:00:00,Asia/Bangkok,92.34010209,21.82578397,18.80696864,15.43484321,26.99402548
192,2023-10-27 07:00:00,Asia/Bangkok,91.43539957,22.49547038,19.92055749,19.88222997,27.31236547
193,2023-10-28 07:00:00,Asia/Bangkok,82.95821582,16.17839721,14.16027875,11.51358885,29.13599691
194,2023-10-29 07:00:00,Asia/Bangkok,91.5499575,19.05849582,16.63718663,13.73189415,27.12623928
195,2023-10-30 07:00:00,Asia/Bangkok,90.44460232,13.97979094,12.25017422,9.995818815,27.6429288
196,2023-10-31 07:00:00,Asia/Bangkok,91.46956296,9.636871508,8.277234637,6.226955307,27.8610533
197,2023-11-01 07:00:00,Asia/Bangkok,92.07268068,18.10188416,15.6008374,12.85136078,27.7236558
198,2023-11-02 07:00:00,Asia/Bangkok,96.5490655,10.55369596,9.023012552,6.739888424,26.2290126
199,2023-11-03 07:00:00,Asia/Bangkok,95.34033769,13.98397213,12.05574913,9.303832753,26.37837365
200,2023-11-04 07:00:00,Asia/Bangkok,89.29839498,20.25157233,17.85604472,15.80992313,28.07941853
201,2023-11-05 07:00:00,Asia/Bangkok,89.13748762,29.43523677,26.35724234,25.68941504,28.1127621
202,2023-11-06 07:00:00,Asia/Bangkok,93.71479789,12.0769774,10.31426554,7.923022599,27.19095794
203,2023-11-07 07:00:00,Asia/Bangkok,88.63494567,11.32588974,10.06489881,8.554082345,28.66563376
204,2023-11-08 07:00:00,Asia/Bangkok,90.53038185,25.99371947,22.91695743,21.36566643,27.74551529
205,2023-11-09 07:00:00,Asia/Bangkok,95.00411459,26.76203768,23.22749477,20.5247732,27.20901887
206,2023-11-10 07:00:00,Asia/Bangkok,93.19901499,30.57611732,26.91410615,24.87709497,27.24453948
207,2023-11-11 07:00:00,Asia/Bangkok,90.0502321,27.41456583,24.01540616,21.41526611,27.73782735
208,2023-11-12 07:00:00,Asia/Bangkok,94.62990442,16.58082575,14.87123863,13.95731281,26.88020776
209,2023-11-13 07:00:00,Asia/Bangkok,91.58622201,11.92275574,10.32011134,7.908141962,27.61512783
210,2023-11-14 07:00:00,Asia/Bangkok,92.55251854,9.702247191,8.450842697,6.627808989,27.22310127
211,2023-11-15 07:00:00,Asia/Bangkok,93.43053128,12.3522409,10.56092437,8.18837535,27.29329069
212,2023-11-16 07:00:00,Asia/Bangkok,95.60868424,15.50766017,13.31963788,10.6775766,26.68313804
213,2023-11-17 07:00:00,Asia/Bangkok,99.92291516,11.73044097,10.05049787,7.637980085,25.08122487
214,2023-11-18 07:00:00,Asia/Bangkok,97.18860514,10.7309322,9.084745763,6.971751412,26.31661833
215,2023-11-19 07:00:00,Asia/Bangkok,97.62635105,4.804623415,3.980611484,2.652498136,25.50394166
216,2023-11-20 07:00:00,Asia/Bangkok,91.9982173,17.87056367,14.77035491,11.49060543,26.83142553
217,2023-11-21 07:00:00,Asia/Bangkok,92.48871482,25.98675035,21.83403068,18.11087866,27.22964085
218,2023-11-22 07:00:00,Asia/Bangkok,96.98346266,23.78427279,20.38900487,17.40153097,25.74729785
219,2023-11-23 07:00:00,Asia/Bangkok,98.3977364,23.10621943,19.68763103,16.22921034,25.53851494
220,2023-11-24 07:00:00,Asia/Bangkok,95.9970199,22.42329149,19.24267782,16.06903766,26.2715372
221,2023-11-25 07:00:00,Asia/Bangkok,96.41116713,18.33054393,15.62343096,12.37866109,25.92036128
222,2023-11-26 07:00:00,Asia/Bangkok,98.5676028,14.35531739,12.25803792,9.652926628,25.03803202
223,2023-11-27 07:00:00,Asia/Bangkok,99.49585859,9.886919831,8.460759494,6.440506329,24.23397429
224,2023-11-28 07:00:00,Asia/Bangkok,93.38343602,3.68030888,3.074903475,1.938996139,26.10641742
225,2023-11-29 07:00:00,Asia/Bangkok,94.96117942,12.24616457,10.13249651,7.458856346,26.34141649
226,2023-11-30 07:00:00,Asia/Bangkok,99.43588444,10.5406613,8.853440572,6.749776586,25.15879287
227,2023-12-01 07:00:00,Asia/Bangkok,93.97793245,11.08128942,9.320953048,6.897687456,26.55464681
228,2023-12-02 07:00:00,Asia/Bangkok,95.31272832,11.68008949,9.43251305,6.975391499,26.32038125
229,2023-12-03 07:00:00,Asia/Bangkok,97.53561231,12.8543554,10.71289199,8.082926829,25.62638019
230,2023-12-04 07:00:00,Asia/Bangkok,93.38063641,6.616855524,5.473087819,3.825070822,26.96259777
231,2023-12-05 07:00:00,Asia/Bangkok,89.94864409,6.005792904,5.030412744,3.485155684,28.16719422
232,2023-12-06 07:00:00,Asia/Bangkok,91.4990787,12.73361227,10.70013947,8.146443515,27.80468814
233,2023-12-07 07:00:00,Asia/Bangkok,87.78722022,15.96450939,13.29366736,10.3368128,28.19262673
234,2023-12-08 07:00:00,Asia/Bangkok,94.51158948,14.50698324,12.28002793,9.387569832,26.30843252
235,2023-12-09 07:00:00,Asia/Bangkok,86.29153185,16.50382742,13.56158664,10.52052888,28.24403698
236,2023-12-10 07:00:00,Asia/Bangkok,84.40455498,19.20069686,16.14982578,13.15121951,28.44564931
237,2023-12-11 07:00:00,Asia/Bangkok,88.5751914,30.87071978,26.88539483,25.29909154,28.10200846
238,2023-12-12 07:00:00,Asia/Bangkok,86.46335473,32.90522648,28.50383275,26.51080139,28.3059912
239,2023-12-13 07:00:00,Asia/Bangkok,85.23914197,31.14545455,26.96643357,24.46293706,27.95887629
240,2023-12-14 07:00:00,Asia/Bangkok,93.99593422,24.04867872,20.24826147,16.82753825,26.51554281
241,2023-12-15 07:00:00,Asia/Bangkok,92.71083303,21.17400419,17.70090846,14.32704403,27.13941263
242,2023-12-16 07:00:00,Asia/Bangkok,94.08716903,22.09274756,18.33682008,14.77545328,26.65406629
243,2023-12-17 07:00:00,Asia/Bangkok,85.96986803,18.09002094,15.00907188,11.64619679,28.1491934
244,2023-12-18 07:00:00,Asia/Bangkok,86.01466783,16.60223308,13.61549197,10.35519888,28.40764072
245,2023-12-19 07:00:00,Asia/Bangkok,86.0156802,15.70719776,12.54157932,9.489168414,28.15072717
246,2023-12-20 07:00:00,Asia/Bangkok,90.95069358,19.4539749,16.41631799,13.21199442,27.32956296
247,2023-12-21 07:00:00,Asia/Bangkok,93.96134595,21.32588974,18.26936497,14.9713887,26.45062435
248,2023-12-22 07:00:00,Asia/Bangkok,87.19577096,14.62648084,12.3261324,9.218815331,27.67747387
249,2023-12-23 07:00:00,Asia/Bangkok,84.54442748,13.33914864,11.15073273,8.23517097,27.92468252
250,2023-12-24 07:00:00,Asia/Bangkok,91.30509656,18.30774599,15.52407537,12.37124913,26.30594227
251,2023-12-25 07:00:00,Asia/Bangkok,93.18022495,17.26947368,13.95578947,10.70526316,26.14292154
252,2023-12-26 07:00:00,Asia/Bangkok,92.50663475,16.20891365,13.4143454,10.20334262,25.9146312
253,2023-12-27 07:00:00,Asia/Bangkok,89.59093184,28.97142857,24.76445993,21.24181185,26.50033376
254,2023-12-28 07:00:00,Asia/Bangkok,86.97005941,29.76762038,25.46615492,21.7718074,27.56162588
255,2023-12-29 07:00:00,Asia/Bangkok,87.77200053,18.14654571,14.87927425,11.57711096,27.79464282
256,2023-12-30 07:00:00,Asia/Bangkok,90.45771955,20.82299652,16.68780488,13.12682927,27.53083182
257,2023-12-31 07:00:00,Asia/Bangkok,86.93401153,20.56685237,16.78133705,13.26183844,28.07821003
258,2024-01-01 07:00:00,Asia/Bangkok,85.8462385,14.03349616,11.78785764,9.524773203,27.9721328
259,2024-01-02 07:00:00,Asia/Bangkok,85.75446948,18.11002786,15.01810585,11.61072423,27.87594192
260,2024-01-03 07:00:00,Asia/Bangkok,84.44739654,12.92130919,10.75696379,7.927576602,28.01946791
261,2024-01-04 07:00:00,Asia/Bangkok,84.36320585,18.20083682,15.01324965,11.61366806,28.17471721
262,2024-01-05 07:00:00,Asia/Bangkok,82.98828617,25.46341463,20.77351916,17.06062718,28.21769854
263,2024-01-06 07:00:00,Asia/Bangkok,83.35007355,29.92976356,24.78859527,21.52433936,27.74980912
264,2024-01-07 07:00:00,Asia/Bangkok,86.1296762,27.52195122,23.16655052,19.85644599,27.90337222
265,2024-01-08 07:00:00,Asia/Bangkok,89.83622649,25.13049546,20.49965108,16.77878576,27.20504786
266,2024-01-09 07:00:00,Asia/Bangkok,88.29838704,21.91922006,17.77228412,14.17339833,27.62179919
267,2024-01-10 07:00:00,Asia/Bangkok,88.78560031,19.11142061,15.59749304,12.18314763,27.69249759
268,2024-01-11 07:00:00,Asia/Bangkok,86.5960854,23.18441197,19.35490605,15.87543493,27.8940797
269,2024-01-12 07:00:00,Asia/Bangkok,85.53030787,23.73342638,19.75226797,16.13747383,27.65856444
270,2024-01-13 07:00:00,Asia/Bangkok,85.60855742,30.76965901,26.10716771,23.29436326,27.23784323
271,2024-01-14 07:00:00,Asia/Bangkok,82.62584538,29.54526462,24.77089136,21.15529248,27.49110396
272,2024-01-15 07:00:00,Asia/Bangkok,81.16042215,28.76778243,24.02719665,20.41004184,27.59857243
273,2024-01-16 07:00:00,Asia/Bangkok,82.76167142,28.84261838,24.46657382,21.47284123,28.13057062
274,2024-01-17 07:00:00,Asia/Bangkok,83.47168506,22.14146341,18.39721254,15.61602787,28.28937329
275,2024-01-18 07:00:00,Asia/Bangkok,81.89871721,17.69728601,14.08002784,10.76757133,28.09645246
276,2024-01-19 07:00:00,Asia/Bangkok,83.74729386,24.41213389,20.05578801,16.40027894,27.93755299
277,2024-01-20 07:00:00,Asia/Bangkok,84.76223808,30.59610028,26.20473538,23.96587744,27.83890224
278,2024-01-21 07:00:00,Asia/Bangkok,83.15683524,36.41608392,31.75104895,29.95734266,27.83847996
279,2024-01-22 07:00:00,Asia/Bangkok,84.2145508,34.78172943,29.92887029,27.08437936,27.74339825
280,2024-01-23 07:00:00,Asia/Bangkok,90.02753048,12.57512229,10.87351502,8.964360587,26.24770872
281,2024-01-24 07:00:00,Asia/Bangkok,86.64476661,16.37150838,13.62430168,10.57541899,27.12480607
282,2024-01-25 07:00:00,Asia/Bangkok,90.76561897,20.20949721,16.27094972,12.80865922,26.68107807
283,2024-01-26 07:00:00,Asia/Bangkok,89.60973436,18.09394572,14.0967293,10.82324287,26.56023502
284,2024-01-27 07:00:00,Asia/Bangkok,84.94739148,25.39758179,20.26386913,16.70625889,27.38915043
285,2024-01-28 07:00:00,Asia/Bangkok,83.31537912,23.51219512,18.94425087,15.27247387,27.16743193
286,2024-01-29 07:00:00,Asia/Bangkok,82.67241611,23.38649025,19.02367688,15.44916435,27.31369384
287,2024-01-30 07:00:00,Asia/Bangkok,84.16946191,22.91852368,18.61977716,15.03133705,27.05918267
288,2024-01-31 07:00:00,Asia/Bangkok,82.38295048,28.63433357,23.87787858,20.6140963,27.54499002
289,2024-02-01 07:00:00,Asia/Bangkok,83.21769219,25.70543175,21.57520891,18.07938719,27.59205617
290,2024-02-02 07:00:00,Asia/Bangkok,83.24425012,34.09970888,29.5356623,26.9985444,27.55845179
291,2024-02-03 07:00:00,Asia/Bangkok,83.55676468,24.35584958,20.84192201,18.02506964,27.64524748
292,2024-02-04 07:00:00,Asia/Bangkok,83.32615082,25.92956764,22.31101813,18.89748954,27.74235078
293,2024-02-05 07:00:00,Asia/Bangkok,82.47556593,42.72980501,38.12256267,40.82660167,28.06230648
294,2024-02-06 07:00:00,Asia/Bangkok,82.79112103,33.69193324,29.79624478,28.75799722,27.82855464
295,2024-02-07 07:00:00,Asia/Bangkok,83.8802926,31.39748954,27.4707113,24.9735007,28.03631967
296,2024-02-08 07:00:00,Asia/Bangkok,81.34854808,36.06889353,31.84759916,30.72790536,28.15784763
297,2024-02-09 07:00:00,Asia/Bangkok,81.79316855,31.67946927,27.89106145,26.36731844,28.45109993
298,2024-02-10 07:00:00,Asia/Bangkok,80.60824784,37.63458856,33.06136681,31.45327755,28.01632904
299,2024-02-11 07:00:00,Asia/Bangkok,78.79293294,33.42707606,28.56664341,25.57850663,28.43631266
300,2024-02-12 07:00:00,Asia/Bangkok,77.12204611,31.33658537,25.89547038,22.56724739,28.0150262
301,2024-02-13 07:00:00,Asia/Bangkok,77.2719233,31.66201117,26.23044693,22.75,28.12529643
302,2024-02-14 07:00:00,Asia/Bangkok,82.42831859,26.62030075,21.90413534,18.23308271,27.67204508
303,2024-02-15 07:00:00,Asia/Bangkok,85.07794643,29.65550907,24.52859135,20.87796374,27.7959803
304,2024-02-16 07:00:00,Asia/Bangkok,81.01166847,29.33356546,24.59679666,21.30222841,28.47161351
305,2024-02-17 07:00:00,Asia/Bangkok,80.37121564,28.65899582,24.06973501,20.57810321,28.34807844
306,2024-02-18 07:00:00,Asia/Bangkok,78.31726164,27.76220363,23.18619247,19.72873082,28.17203992
307,2024-02-19 07:00:00,Asia/Bangkok,82.49571116,29.29839273,24.58280922,20.91544375,28.24376074
308,2024-02-20 07:00:00,Asia/Bangkok,83.07656406,23.36515679,19.75958188,16.22090592,28.72075004
309,2024-02-21 07:00:00,Asia/Bangkok,82.30345435,19.06834031,16.19107392,12.78382148,28.78093316
310,2024-02-22 07:00:00,Asia/Bangkok,80.23197717,17.66922006,15.13857939,12.02437326,28.63295536
311,2024-02-23 07:00:00,Asia/Bangkok,80.1267206,9.601398601,8.390909091,6.095104895,28.38342646
312,2024-02-24 07:00:00,Asia/Bangkok,78.73191222,8.281337047,7.146239554,5.117688022,28.72545149
313,2024-02-25 07:00:00,Asia/Bangkok,77.75814514,10.17770035,8.763763066,6.377700348,28.81430832
314,2024-02-26 07:00:00,Asia/Bangkok,78.7075677,27.60671798,23.64450665,20.57102869,28.98648707
315,2024-02-27 07:00:00,Asia/Bangkok,79.99238143,27.7299444,23.34074662,19.86020651,28.72598855
316,2024-02-28 07:00:00,Asia/Bangkok,78.05396646,23.64947735,19.96933798,16.50731707,28.99522227
317,2024-02-29 07:00:00,Asia/Bangkok,76.45023302,29.06332637,24.88726514,21.73625609,28.83002734
318,2024-03-01 07:00:00,Asia/Bangkok,77.29198981,29.5457083,25.61688765,23.6615492,29.01734689
319,2024-03-02 07:00:00,Asia/Bangkok,79.95302672,27.64529617,23.50522648,20.26898955,28.94817162
320,2024-03-03 07:00:00,Asia/Bangkok,81.60879045,33.72594142,28.75801953,25.79009763,28.92051708
321,2024-03-04 07:00:00,Asia/Bangkok,78.24328056,26.81533101,22.47944251,19.2195122,29.14631163
322,2024-03-05 07:00:00,Asia/Bangkok,80.3398051,33.73031359,28.9554007,26.48850174,29.12427123
323,2024-03-06 07:00:00,Asia/Bangkok,79.90096457,36.76847978,32.24895397,31.55230126,29.02547235
324,2024-03-07 07:00:00,Asia/Bangkok,79.63033579,39.85146444,35.14156206,34.93933054,29.39773785
325,2024-03-08 07:00:00,Asia/Bangkok,78.75333727,41.71607516,36.84759916,38.49826026,29.30684944
326,2024-03-09 07:00:00,Asia/Bangkok,78.46043129,34.79581882,30.40348432,27.97142857,28.81951044
327,2024-03-10 07:00:00,Asia/Bangkok,85.30283305,20.18001417,17.40609497,15.27781715,27.75005797
328,2024-03-11 07:00:00,Asia/Bangkok,77.93799573,45.29497908,40.58647141,41.94839609,28.57434404
329,2024-03-12 07:00:00,Asia/Bangkok,75.88952996,38.2443662,33.59788732,32.64295775,28.68113121
330,2024-03-13 07:00:00,Asia/Bangkok,77.64590174,36.63414634,32.3037694,31.20694752,28.675063
331,2024-03-14 07:00:00,Asia/Bangkok,74.96188114,31.56376307,27.35052265,25.04320557,29.33800919
332,2024-03-15 07:00:00,Asia/Bangkok,76.5957136,24.09706704,20.47276536,17.34357542,29.63915741
333,2024-03-16 07:00:00,Asia/Bangkok,75.12778097,33.9972106,29.26220363,26.25662483,29.49778685
334,2024-03-17 07:00:00,Asia/Bangkok,74.80578174,23.20905923,20.08432056,17.44390244,29.47631045
335,2024-03-18 07:00:00,Asia/Bangkok,76.90016538,31.34561892,27.15716273,24.15716273,29.23216384
336,2024-03-19 07:00:00,Asia/Bangkok,76.86263301,27.17132867,23.54755245,20.57762238,28.96109509
337,2024-03-20 07:00:00,Asia/Bangkok,74.78507859,24.42409471,20.95473538,17.68732591,28.85626414
338,2024-03-21 07:00:00,Asia/Bangkok,75.00987207,29.82414515,25.51011863,22.46824843,29.04270201
339,2024-03-22 07:00:00,Asia/Bangkok,75.16672654,37.29965157,32.30801394,30.25365854,28.9059539
340,2024-03-23 07:00:00,Asia/Bangkok,76.84172794,33.12044818,28.07492997,24.87745098,29.34335192
341,2024-03-24 07:00:00,Asia/Bangkok,76.85174886,37.7986014,33.03146853,30.94965035,29.8268536
342,2024-03-25 07:00:00,Asia/Bangkok,76.41816377,26.47771588,22.71796657,19.05988858,29.92742065
343,2024-03-26 07:00:00,Asia/Bangkok,75.33724552,21.81267409,18.6810585,15.20821727,28.86341741
344,2024-03-27 07:00:00,Asia/Bangkok,79.98394732,24.05358386,20.43215031,16.70146138,29.5502857
345,2024-03-28 07:00:00,Asia/Bangkok,79.50742197,19.50835655,16.63022284,13.43454039,29.86144027
346,2024-03-29 07:00:00,Asia/Bangkok,80.23509861,25.62648084,21.74982578,18.24041812,29.87079421
347,2024-03-30 07:00:00,Asia/Bangkok,77.54540322,20.24128312,17.15550907,13.60948396,30.5140029
348,2024-03-31 07:00:00,Asia/Bangkok,81.71164687,32.23623693,28.35609756,26.5533101,29.16196296
349,2024-04-01 07:00:00,Asia/Bangkok,78.39977774,32.01464435,28.91841004,29.25383543,30.15535046
350,2024-04-02 07:00:00,Asia/Bangkok,78.81658885,31.32192737,27.92178771,26.5900838,30.18562237
351,2024-04-03 07:00:00,Asia/Bangkok,73.53111002,26.52540014,23.01600557,20.81628392,31.07896658
352,2024-04-04 07:00:00,Asia/Bangkok,77.07690073,26.46820405,23.02515723,19.67295597,30.58062431
353,2024-04-05 07:00:00,Asia/Bangkok,76.03120914,33.77591036,29.7745098,27.57002801,30.57505819
354,2024-04-06 07:00:00,Asia/Bangkok,72.63762825,36.9595537,32.77475593,31.55788006,30.40595084
355,2024-04-07 07:00:00,Asia/Bangkok,71.92040397,37.60335196,33.00628492,31.10265363,30.20464206
356,2024-04-08 07:00:00,Asia/Bangkok,73.17164379,29.38842399,26.07252441,24.4735007,29.85019794
357,2024-04-09 07:00:00,Asia/Bangkok,77.625503,19.76933798,17.25505226,14.44808362,30.48599292
358,2024-04-10 07:00:00,Asia/Bangkok,78.7313814,15.25139665,13.2353352,10.29469274,30.59474882
359,2024-04-11 07:00:00,Asia/Bangkok,78.15978732,17.96445993,15.40069686,12.33379791,30.041027
360,2024-04-12 07:00:00,Asia/Bangkok,74.26240513,29.86829268,25.70313589,22.62369338,30.37890598
361,2024-04-13 07:00:00,Asia/Bangkok,76.00224922,34.09958217,30.11281337,28.99373259,30.40502207
362,2024-04-14 07:00:00,Asia/Bangkok,76.20523246,36.34982578,32.0641115,30.7184669,30.04203645
363,2024-04-15 07:00:00,Asia/Bangkok,77.07628053,37.35724234,32.84958217,31.02506964,30.36574442
364,2024-04-16 07:00:00,Asia/Bangkok,76.56359038,26.72752613,23.0097561,19.64320557,30.39988899
365,2024-04-17 07:00:00,Asia/Bangkok,75.47644134,16.41225627,14.22632312,10.95264624,30.41331912
366,2024-04-18 07:00:00,Asia/Bangkok,75.54243846,21.85953878,19.31236897,17.08455625,30.65588475
367,2024-04-19 07:00:00,Asia/Bangkok,72.34449675,32.38830898,29.10508003,30.27905358,30.91548332
368,2024-04-20 07:00:00,Asia/Bangkok,75.8826705,34.87656904,30.69177127,28.65271967,30.49847895
369,2024-04-21 07:00:00,Asia/Bangkok,80.50875194,38.18156425,33.68784916,32.16759777,29.75259081
370,2024-04-22 07:00:00,Asia/Bangkok,78.94839207,37.86052999,34.01324965,34.47838215,30.70718924
371,2024-04-23 07:00:00,Asia/Bangkok,77.89426327,44.7764624,39.7270195,44.92896936,31.02916874
372,2024-04-24 07:00:00,Asia/Bangkok,76.95622336,39.23430962,34.9735007,35.21059972,30.93370427
373,2024-04-25 07:00:00,Asia/Bangkok,75.52562663,42.59372822,38.30522648,39.86968641,31.21142598
374,2024-04-26 07:00:00,Asia/Bangkok,78.65909802,38.37158852,34.39748076,35.9930021,30.91755801
375,2024-04-27 07:00:00,Asia/Bangkok,83.82472289,43.96722455,38.85913529,42.56834031,29.7298331
376,2024-04-28 07:00:00,Asia/Bangkok,73.52320657,22.08704735,19.60933148,18.19428969,31.57114817
377,2024-04-29 07:00:00,Asia/Bangkok,85.96587803,33.87430168,29.7325419,28.49930168,28.97449518
378,2024-04-30 07:00:00,Asia/Bangkok,80.29646855,28.63022284,25.11350975,22.28064067,31.14000581
379,2024-05-01 07:00:00,Asia/Bangkok,74.37671367,27.21687587,23.73849372,20.38214784,31.63099566
380,2024-05-02 07:00:00,Asia/Bangkok,73.38827378,25.99304106,22.58246347,19.20598469,31.72952544
381,2024-05-03 07:00:00,Asia/Bangkok,78.17842197,29.14295676,25.29497908,21.88423989,31.47594927
382,2024-05-04 07:00:00,Asia/Bangkok,80.64228075,34.75191638,30.54285714,28.41533101,30.17356435
383,2024-05-05 07:00:00,Asia/Bangkok,82.60137406,28.66527197,24.81101813,21.51324965,29.66836279
384,2024-05-06 07:00:00,Asia/Bangkok,90.43696656,31.43265876,28.03489184,27.97766923,27.73754091
385,2024-05-07 07:00:00,Asia/Bangkok,78.77417291,35.98742138,31.67505241,29.58770091,30.27017261
386,2024-05-08 07:00:00,Asia/Bangkok,81.82914595,36.01393728,31.72195122,29.97491289,30.14613167
387,2024-05-09 07:00:00,Asia/Bangkok,74.73151527,19.58954704,17.36515679,15.35052265,30.96741554
388,2024-05-10 07:00:00,Asia/Bangkok,78.47499987,14.58630328,12.74912648,10.1104123,30.89544769
389,2024-05-11 07:00:00,Asia/Bangkok,80.68281425,28.11835578,24.75690999,22.75974486,29.6671014
390,2024-05-12 07:00:00,Asia/Bangkok,82.1045397,26.07347796,22.4436669,22.08117565,29.85647353
391,2024-05-13 07:00:00,Asia/Bangkok,76.97138207,24.94417306,22.2128402,21.38311235,30.7742318
392,2024-05-14 07:00:00,Asia/Bangkok,80.81147595,37.08837857,32.58176757,31.34585943,29.93807405
393,2024-05-15 07:00:00,Asia/Bangkok,79.0212648,16.88111888,14.81608392,12.51818182,30.83466643
394,2024-05-16 07:00:00,Asia/Bangkok,72.52436095,17.97217538,15.63490725,13.18802698,32.37470871
395,2024-05-17 07:00:00,Asia/Bangkok,89.71861097,23.86300246,21.02707137,18.50533224,27.42356083
396,2024-05-18 07:00:00,Asia/Bangkok,85.07833465,32.08983287,28.53133705,27.23189415,29.08199165
397,2024-05-19 07:00:00,Asia/Bangkok,77.63846184,44.94777159,40.7994429,44.3224234,30.97059661
398,2024-05-20 07:00:00,Asia/Bangkok,79.61201034,46.59065551,42.87656904,47.54811715,30.31221269
399,2024-05-21 07:00:00,Asia/Bangkok,79.88479652,43.27913468,38.99930216,40.0132589,30.2624217
400,2024-05-22 07:00:00,Asia/Bangkok,81.27774708,28.05446927,24.65502793,22.66550279,29.71703072
401,2024-05-23 07:00:00,Asia/Bangkok,85.66511846,25.08595388,22.16561845,20.6862334,28.58229905
402,2024-05-24 07:00:00,Asia/Bangkok,78.20867468,15.86243017,13.68715084,10.75418994,29.70276527
403,2024-05-25 07:00:00,Asia/Bangkok,77.67025435,17.81393728,15.31358885,12.25087108,30.68209326
404,2024-05-26 07:00:00,Asia/Bangkok,75.90537835,28.98602376,25.38294899,22.74353599,30.28034079
405,2024-05-27 07:00:00,Asia/Bangkok,73.83189754,21.68619247,19.17015342,17.16457462,31.61398063
406,2024-05-28 07:00:00,Asia/Bangkok,76.12196711,30.51046025,27.04672245,26.61366806,30.60323285
407,2024-05-29 07:00:00,Asia/Bangkok,75.557348,32.35281837,28.55254001,26.2769659,31.58001626
408,2024-05-30 07:00:00,Asia/Bangkok,86.32290255,47.70083682,43.07252441,50.28312413,29.60261442
409,2024-05-31 07:00:00,Asia/Bangkok,84.053981,40.58675958,35.99094077,36.87108014,30.07859484
410,2024-06-01 07:00:00,Asia/Bangkok,90.27101857,35.22175732,31.11297071,29.84239888,27.3466568
411,2024-06-02 07:00:00,Asia/Bangkok,85.81328477,31.64225941,27.80822873,26.16527197,28.4537
412,2024-06-03 07:00:00,Asia/Bangkok,90.37051083,21.31707317,18.60114778,15.77618364,27.30112503
413,2024-06-04 07:00:00,Asia/Bangkok,85.521101,27.6112311,23.93952484,20.89920806,29.13964254
414,2024-06-05 07:00:00,Asia/Bangkok,74.68580455,24.27456446,21.05783972,18.11498258,31.17220104
415,2024-06-06 07:00:00,Asia/Bangkok,72.81669614,18.55439331,16.11645746,13.43375174,31.01205172
416,2024-06-07 07:00:00,Asia/Bangkok,73.30865692,19.27019499,16.43593315,13.10724234,30.85115415
417,2024-06-08 07:00:00,Asia/Bangkok,84.8538695,17.54912892,14.94425087,11.87944251,28.76886967
418,2024-06-09 07:00:00,Asia/Bangkok,74.54366768,18.37230341,15.72442589,12.60473208,30.79832821
419,2024-06-10 07:00:00,Asia/Bangkok,71.75489685,19.37979094,16.39860627,13.128223,30.33086453
420,2024-06-11 07:00:00,Asia/Bangkok,73.67303194,23.81437544,20.08513608,16.76692254,30.44672783
421,2024-06-12 07:00:00,Asia/Bangkok,66.97542413,21.90174216,18.72891986,15.3902439,30.90844398
422,2024-06-13 07:00:00,Asia/Bangkok,70.1925843,24.59860627,21.07038328,17.54285714,31.01136377
423,2024-06-14 07:00:00,Asia/Bangkok,70.14765192,20.02440725,17.11854951,14.39818689,31.02151898
424,2024-06-15 07:00:00,Asia/Bangkok,69.89310944,16.53685675,14.05285118,10.83518776,31.56453534
425,2024-06-16 07:00:00,Asia/Bangkok,75.43130116,15.05090656,12.79846583,9.676429568,30.54206096
426,2024-06-17 07:00:00,Asia/Bangkok,86.86304975,15.21030641,12.94289694,10.24651811,27.47126811
427,2024-06-18 07:00:00,Asia/Bangkok,81.20105214,7.289398281,6.338825215,4.561604585,27.9267957
428,2024-06-19 07:00:00,Asia/Bangkok,80.93526687,12.39415042,10.70543175,8.082172702,28.65603646
429,2024-06-20 07:00:00,Asia/Bangkok,78.16695422,10.25231646,8.902352103,6.511047755,28.94068654
430,2024-06-21 07:00:00,Asia/Bangkok,74.90348048,19.31452859,16.88021638,15.13678516,29.77914552
431,2024-06-22 07:00:00,Asia/Bangkok,82.38640948,7.391660462,6.452717796,4.91809382,27.22335431
432,2024-06-23 07:00:00,Asia/Bangkok,81.73970203,15.49601738,13.346126,10.95582911,27.39873797
433,2024-06-24 07:00:00,Asia/Bangkok,78.58603579,20.82838983,18.24646893,16.17655367,28.19401402
434,2024-06-25 07:00:00,Asia/Bangkok,81.01164964,26.19495091,22.75876578,20.32748948,27.86797169
435,2024-06-26 07:00:00,Asia/Bangkok,81.28347202,41.23307746,35.80809491,38.39218423,29.26426999
436,2024-06-27 07:00:00,Asia/Bangkok,75.86911378,47.45570776,41.52328767,46.56347032,30.70805603
437,2024-06-28 07:00:00,Asia/Bangkok,76.50144272,29.75465587,25.80890688,23.33036437,29.45247395
438,2024-06-29 07:00:00,Asia/Bangkok,86.59802963,28.91927627,25.3138483,23.17258177,27.85293417
439,2024-06-30 07:00:00,Asia/Bangkok,85.31881911,20.16329379,17.26727146,13.90928123,28.38376744
440,2024-07-01 07:00:00,Asia/Bangkok,74.95137048,26.75428571,23.33942857,20.87428571,30.76023912
441,2024-07-06 07:00:00,Asia/Bangkok,84.46078339,21.74798387,19.12298387,17.30040323,26.61548192
442,2024-07-07 07:00:00,Asia/Bangkok,83.91633381,14.73379791,12.62578397,9.759581882,28.13306998
443,2024-07-08 07:00:00,Asia/Bangkok,79.33187051,11.69686163,10.12910128,7.795292439,29.01214203
444,2024-07-09 07:00:00,Asia/Bangkok,78.97999038,15.86069652,13.70078181,11.22316986,29.52413207
445,2024-07-10 07:00:00,Asia/Bangkok,84.14478705,13.04679626,11.21886249,8.734341253,27.98043017
446,2024-07-11 07:00:00,Asia/Bangkok,83.4388376,33.11289199,29.64390244,29.62787456,28.49131239
447,2024-07-12 07:00:00,Asia/Bangkok,81.93161472,25.56367432,22.2289492,21.18371608,28.25557602
448,2024-07-13 07:00:00,Asia/Bangkok,88.26627827,24.36427076,21.28471738,18.80321005,26.89404984
449,2024-07-14 07:00:00,Asia/Bangkok,78.88277126,39.59762901,35.29428173,36.68270572,29.61132452
450,2024-07-15 07:00:00,Asia/Bangkok,78.42673682,21.56019485,18.49686848,17.51983299,28.3907564
451,2024-07-16 07:00:00,Asia/Bangkok,76.30206367,29.75924634,26.66294487,26.8611305,30.04884981
452,2024-07-17 07:00:00,Asia/Bangkok,81.17648219,64.66620209,55.23763066,73.44599303,29.30594978
453,2024-07-18 07:00:00,Asia/Bangkok,90.39449298,32.1102582,27.89323098,25.76273552,26.45606201
454,2024-07-19 07:00:00,Asia/Bangkok,76.45217917,45.49676026,41.4550036,44.50971922,30.44393239
455,2024-07-20 07:00:00,Asia/Bangkok,80.99872056,43.77342657,39.95104895,42.7020979,29.41675539
456,2024-07-21 07:00:00,Asia/Bangkok,77.93462547,48.0494429,43.35584958,48.61490251,29.71648293
457,2024-07-22 07:00:00,Asia/Bangkok,81.53543599,58.66341463,52.19372822,70.82578397,29.38676548
458,2024-07-23 07:00:00,Asia/Bangkok,78.40035459,50.06001396,47.19260293,57.89532449,30.29352972
459,2024-07-24 07:00:00,Asia/Bangkok,79.31866452,67.89059233,56.58188153,76.57142857,29.906738
460,2024-07-25 07:00:00,Asia/Bangkok,75.56486565,59.62299652,51.59860627,67.15888502,30.12776588
461,2024-07-26 07:00:00,Asia/Bangkok,69.33157127,45.71347785,41.53157399,45.64561734,31.97412958
462,2024-07-27 07:00:00,Asia/Bangkok,79.61584251,48.6073501,43.9893617,50.92069632,29.24187951
463,2024-07-28 07:00:00,Asia/Bangkok,76.256224,48.82160279,46.09337979,55.52961672,30.22835235
464,2024-07-29 07:00:00,Asia/Bangkok,84.81040345,35.0076762,31.60432659,39.7243545,27.20965304
465,2024-07-30 07:00:00,Asia/Bangkok,83.90592584,28.99304106,25.12526096,22.01878914,27.41999192
466,2024-07-31 07:00:00,Asia/Bangkok,79.97535412,40.7243545,36.74808095,37.81018842,28.98986586
467,2024-08-01 07:00:00,Asia/Bangkok,82.16214339,47.21114983,42.48641115,48.51986063,28.82260924
468,2024-08-02 07:00:00,Asia/Bangkok,79.34841151,44.65481172,40.06276151,44.18270572,28.65135894
469,2024-08-03 07:00:00,Asia/Bangkok,77.87436075,42.97700348,38.87108014,40.4195122,29.5769084
470,2024-08-04 07:00:00,Asia/Bangkok,84.96056818,36.9408078,33.11350975,33.46448468,27.48141832
471,2024-08-05 07:00:00,Asia/Bangkok,79.49094432,19.87038328,17.12334495,13.728223,27.67388343
472,2024-08-06 07:00:00,Asia/Bangkok,83.46877194,21.56476323,18.75487465,16.04456825,27.73884902
473,2024-08-07 07:00:00,Asia/Bangkok,76.4523769,25.65283843,22.64628821,21.58296943,29.18128003
474,2024-08-08 07:00:00,Asia/Bangkok,84.16152568,11.4703783,9.896502498,7.503925767,27.47148346
475,2024-08-09 07:00:00,Asia/Bangkok,77.19732633,30.10265363,26.79888268,25.79748603,29.56972324
476,2024-08-10 07:00:00,Asia/Bangkok,79.46371217,36.22020349,31.97892442,30.78561047,28.88126908
477,2024-08-11 07:00:00,Asia/Bangkok,75.55976141,27.63852059,24.28681089,22.43196092,30.09083822
478,2024-08-12 07:00:00,Asia/Bangkok,75.03297688,21.28471738,18.56943475,16.2414515,30.01366507
479,2024-08-13 07:00:00,Asia/Bangkok,73.19424998,20.00311769,17.16212003,16.14886984,29.69578808
480,2024-08-14 07:00:00,Asia/Bangkok,74.59018135,19.64022269,16.98538622,14.03757829,30.37940105
481,2024-08-15 07:00:00,Asia/Bangkok,85.01987093,28.48850174,24.88850174,22.22996516,27.91325193
482,2024-08-16 07:00:00,Asia/Bangkok,81.05826378,29.04256804,25.45010468,23.08234473,28.96682132
483,2024-08-17 07:00:00,Asia/Bangkok,82.13292121,31.66945607,28.25313808,28.52301255,28.96033224
484,2024-08-18 07:00:00,Asia/Bangkok,82.17043368,26.07949791,22.46582985,19.07461646,28.37336879
485,2024-08-19 07:00:00,Asia/Bangkok,83.91406217,22.81437544,19.59106769,16.03140265,28.18048331
486,2024-08-20 07:00:00,Asia/Bangkok,84.78303554,15.99510832,13.88749126,10.90635919,27.86649351
487,2024-08-21 07:00:00,Asia/Bangkok,77.71376709,7.379125096,6.534919417,4.659247889,27.71931733
488,2024-08-22 07:00:00,Asia/Bangkok,72.46505408,11.58671329,10.06993007,7.493706294,29.86993022
489,2024-08-23 07:00:00,Asia/Bangkok,83.20783526,15.19958275,13.1821975,10.65299026,28.20410471
490,2024-08-24 07:00:00,Asia/Bangkok,88.9732534,9.496792587,8.225944405,6.027797577,26.01949933
491,2024-08-25 07:00:00,Asia/Bangkok,78.44613376,11.67394469,10.07423581,7.742358079,28.42230371
492,2024-08-26 07:00:00,Asia/Bangkok,86.22989816,9.021260997,7.913489736,6.332111437,26.51314892
493,2024-08-27 07:00:00,Asia/Bangkok,81.00537612,13.15056022,11.48179272,9.068627451,27.89517275
494,2024-08-28 07:00:00,Asia/Bangkok,85.88332499,7.368107303,6.442622951,4.618479881,26.43186253
495,2024-08-29 07:00:00,Asia/Bangkok,82.70771813,12.45454545,10.75524476,8.613986014,27.10422734
496,2024-08-30 07:00:00,Asia/Bangkok,81.7727714,14.58041958,12.47622378,9.888811189,28.16149838
497,2024-08-31 07:00:00,Asia/Bangkok,76.40470189,29.92334495,26.15749129,23.83135889,29.70076831
498,2024-09-01 07:00:00,Asia/Bangkok,79.93252916,35.40069686,31.01672474,29.09268293,28.48115593
499,2024-09-02 07:00:00,Asia/Bangkok,75.7599108,22.63135889,19.67595819,16.93867596,29.76119127
500,2024-09-03 07:00:00,Asia/Bangkok,81.74874979,23.897418,20.64619679,18.08025122,27.96983882
501,2024-09-04 07:00:00,Asia/Bangkok,75.29412922,14.33077994,12.36072423,9.792479109,29.07769582
502,2024-09-05 07:00:00,Asia/Bangkok,72.65450411,10.31160458,8.74713467,6.641117479,29.81454323
503,2024-09-06 07:00:00,Asia/Bangkok,75.39137765,15.07394113,12.91529074,10.52117732,29.63740072
504,2024-09-07 07:00:00,Asia/Bangkok,79.4251371,12.90171258,11.14072971,8.970215934,28.64928609
505,2024-09-08 07:00:00,Asia/Bangkok,87.22867949,23.69853454,20.49755757,17.69364969,26.44431868
506,2024-09-09 07:00:00,Asia/Bangkok,86.35868899,19.58064516,16.94039271,14.12201964,25.88072741
507,2024-09-10 07:00:00,Asia/Bangkok,78.58080342,10.00070225,8.639044944,6.507022472,28.0160147
508,2024-09-11 07:00:00,Asia/Bangkok,72.66622189,19.97491289,17.16097561,14.69547038,29.67749613
509,2024-09-12 07:00:00,Asia/Bangkok,75.14571311,20.68967922,17.68549512,14.98396095,29.60061351
510,2024-09-13 07:00:00,Asia/Bangkok,79.52681784,15.21811847,12.93728223,9.967247387,28.16711461
511,2024-09-14 07:00:00,Asia/Bangkok,81.6072508,17.50883392,15.1130742,12.55547703,27.3607377
512,2024-09-15 07:00:00,Asia/Bangkok,87.71391164,15.0419874,12.92862141,10.45416375,26.3500812
513,2024-09-16 07:00:00,Asia/Bangkok,88.78566723,12.47505271,10.61560084,8.276177091,26.1922981
514,2024-09-17 07:00:00,Asia/Bangkok,86.57421576,6.538461538,5.671597633,3.980769231,26.20331138
515,2024-09-18 07:00:00,Asia/Bangkok,85.36191027,15.05849582,12.67618384,11.19428969,26.51308709
516,2024-09-19 07:00:00,Asia/Bangkok,87.60651607,10.97001395,9.20362622,6.714783821,25.83750519
517,2024-09-20 07:00:00,Asia/Bangkok,84.54054147,7.475226797,6.273551989,4.434054431,26.59193593
518,2024-09-21 07:00:00,Asia/Bangkok,87.77755853,27.83774373,23.67339833,23.25487465,26.06237303
519,2024-09-22 07:00:00,Asia/Bangkok,83.18803207,19.95184927,16.80739707,14.46057223,27.54344849
520,2024-09-23 07:00:00,Asia/Bangkok,85.53767373,16.04271709,13.62044818,10.59313725,27.20858882
521,2024-09-24 07:00:00,Asia/Bangkok,84.82973769,10.18523677,8.740250696,6.41086351,27.11201198
522,2024-09-25 07:00:00,Asia/Bangkok,88.20076645,22.92891986,19.74773519,17.13170732,26.69226397
523,2024-09-26 07:00:00,Asia/Bangkok,82.71559302,28.31843575,24.56284916,22.92108939,27.6337545
524,2024-09-27 07:00:00,Asia/Bangkok,82.47740012,20.83414976,17.94121763,16.64730581,27.75811093
525,2024-09-28 07:00:00,Asia/Bangkok,78.08422613,10.13841808,8.76059322,6.586864407,29.10103829
526,2024-09-29 07:00:00,Asia/Bangkok,82.83937044,20.21760916,17.52970651,14.53256979,28.3395866
527,2024-09-30 07:00:00,Asia/Bangkok,76.85496904,23.67625899,20.61366906,17.95251799,29.38033129
528,2024-10-01 07:00:00,Asia/Bangkok,82.15872855,12.7877429,11.05979073,8.543348281,28.20346938
529,2024-10-02 07:00:00,Asia/Bangkok,76.75424646,9.117693523,7.894154818,5.840442338,29.18260306
530,2024-10-03 07:00:00,Asia/Bangkok,81.28443238,7.336907954,6.3717605,4.864164433,28.93400217
531,2024-10-04 07:00:00,Asia/Bangkok,84.54155265,11.48428687,10.12570508,8.198227236,27.61087797
532,2024-10-05 07:00:00,Asia/Bangkok,78.31159987,12.8001638,11.18673219,8.92956593,29.23329179
533,2024-10-06 07:00:00,Asia/Bangkok,89.52144613,17.91951006,15.88363955,14.15398075,26.24946977
534,2024-10-07 07:00:00,Asia/Bangkok,86.93065584,9.842812823,8.598759049,6.448810755,26.67051303
535,2024-10-08 07:00:00,Asia/Bangkok,78.85378882,13.95399306,12.34114583,10.83506944,29.01271221
536,2024-10-09 07:00:00,Asia/Bangkok,81.19401929,13.45364536,11.639964,8.95859586,28.04213832
537,2024-10-10 07:00:00,Asia/Bangkok,85.39869337,25.13919414,21.6510989,18.47161172,26.94483899
538,2024-10-11 07:00:00,Asia/Bangkok,82.06753453,21.15252708,18.27888087,15.25541516,28.21810799
539,2024-10-12 07:00:00,Asia/Bangkok,86.65745724,27.82479784,24.37196765,22.38634322,27.55251023
540,2024-10-13 07:00:00,Asia/Bangkok,83.24957883,15.01104418,13.20682731,11.45883534,27.84232069
541,2024-10-14 07:00:00,Asia/Bangkok,81.12347252,32.48810657,28.1208373,31.58515699,28.61368683
542,2024-10-15 07:00:00,Asia/Bangkok,80.18388209,19.95318352,17.63483146,16.27902622,29.08002724
543,2024-10-16 07:00:00,Asia/Bangkok,86.049848,14.31898971,12.57530402,10.63143124,27.32886853
544,2024-10-17 07:00:00,Asia/Bangkok,78.47886376,13.98238748,11.94227006,9.124266145,29.27992761
545,2024-10-18 07:00:00,Asia/Bangkok,82.20402712,15.67134269,13.6002004,11.28156313,28.04389195
546,2024-10-19 07:00:00,Asia/Bangkok,80.21457381,16.93467819,15.02017291,13.74831892,27.73033555
547,2024-10-20 07:00:00,Asia/Bangkok,76.94288431,12.32774674,10.83240223,9.040968343,28.61406706
548,2024-10-21 07:00:00,Asia/Bangkok,76.18421841,15.373436,13.41289702,11.00384986,29.08347098
549,2024-10-22 07:00:00,Asia/Bangkok,65.95375175,19.53571429,16.67857143,13.29440154,30.37696459
550,2024-10-23 07:00:00,Asia/Bangkok,62.13189701,19.27706058,16.47765641,13.16186693,31.26285187
551,2024-10-24 07:00:00,Asia/Bangkok,73.70208253,18.28723404,15.51353965,12.18568665,29.18380523
552,2024-10-25 07:00:00,Asia/Bangkok,83.74614879,21.40751445,18.44026975,15.46146435,27.49380231
553,2024-10-26 07:00:00,Asia/Bangkok,76.19190738,10.46001974,9.276406713,7.428430405,28.23893859
554,2024-10-27 07:00:00,Asia/Bangkok,76.15902617,10.90524194,9.532258065,7.790322581,28.54906867
555,2024-10-28 07:00:00,Asia/Bangkok,85.31494128,11.35640786,9.783910196,7.449953227,27.09468602
556,2024-10-29 07:00:00,Asia/Bangkok,79.32753535,13.42649903,11.56382979,8.876208897,28.93442605
557,2024-10-30 07:00:00,Asia/Bangkok,78.08489019,27.38051282,23.79897436,21.58974359,29.21834563
558,2024-10-31 07:00:00,Asia/Bangkok,70.97803319,18.34646465,15.82626263,13.84646465,30.74384624
559,2024-11-01 07:00:00,Asia/Bangkok,71.84119689,20.38827434,17.48340708,14.30309735,29.90009337
560,2024-11-02 07:00:00,Asia/Bangkok,66.62397052,10.91547862,9.457230143,7.16802444,31.31601489
561,2024-11-03 07:00:00,Asia/Bangkok,80.35946605,17.54508197,15.10655738,12.1557377,28.47105215
562,2024-11-04 07:00:00,Asia/Bangkok,79.12977413,17.63798531,15.12067156,11.86988458,28.47761843
563,2024-11-05 07:00:00,Asia/Bangkok,82.68254435,21.20188285,18.29393305,14.99058577,27.79536614
564,2024-11-06 07:00:00,Asia/Bangkok,82.95141129,5.403379092,4.819429778,3.344244984,27.58404337
565,2024-11-07 07:00:00,Asia/Bangkok,86.24373623,6.428125,5.745833333,4.060416667,27.05153116
566,2024-11-08 07:00:00,Asia/Bangkok,81.08681928,6.694915254,5.868038741,4.409200969,28.03481533
567,2024-11-09 07:00:00,Asia/Bangkok,87.8662839,4.395642202,3.763761468,2.448394495,26.3341383
568,2024-11-10 07:00:00,Asia/Bangkok,91.53910266,12.84222738,11.11948956,8.459396752,25.47366503
569,2024-11-11 07:00:00,Asia/Bangkok,81.29989365,4.660834455,3.959623149,2.598923284,27.91596753
570,2024-11-12 07:00:00,Asia/Bangkok,83.15174543,5.75027027,5.006486486,3.456216216,28.34498727
571,2024-11-13 07:00:00,Asia/Bangkok,92.74579284,6.382165605,5.573248408,3.98089172,24.35453952
572,2024-11-14 07:00:00,Asia/Bangkok,76.22960408,15.21663244,13.14476386,10.05030801,29.41865561
573,2024-11-15 07:00:00,Asia/Bangkok,77.46741441,21.15814507,18.20214031,14.88585018,29.26864415
574,2024-11-16 07:00:00,Asia/Bangkok,75.19552444,27.27,23.31857143,23.36285714,29.69944888
575,2024-11-17 07:00:00,Asia/Bangkok,75.34767713,12.66598361,11.13012295,9.340163934,29.72967276
576,2024-11-18 07:00:00,Asia/Bangkok,73.77014536,15.21943888,13.10821643,10.02204409,29.79556687
577,2024-11-19 07:00:00,Asia/Bangkok,72.6844396,17.50898204,14.79540918,11.77644711,29.61901227
578,2024-11-20 07:00:00,Asia/Bangkok,72.91664838,16.02986612,13.41915551,10.41400618,29.58897582
579,2024-11-21 07:00:00,Asia/Bangkok,82.23102686,8.732994924,7.340101523,5.303553299,27.3490766
580,2024-11-22 07:00:00,Asia/Bangkok,86.72115726,3.957236842,3.388157895,2.175438596,26.58326941
581,2024-11-23 07:00:00,Asia/Bangkok,88.02833613,3.120535714,2.737723214,1.655133929,25.68271225
582,2024-11-24 07:00:00,Asia/Bangkok,83.00122543,9.871549894,8.232484076,5.935244161,28.07446776
583,2024-11-25 07:00:00,Asia/Bangkok,85.72395608,3.708470847,3.170517052,2.03960396,27.22366282
584,2024-11-26 07:00:00,Asia/Bangkok,87.38037429,6.422319475,5.548140044,3.911378556,27.09644911
585,2024-11-27 07:00:00,Asia/Bangkok,92.9485639,18.16797488,15.29356358,12.13971743,24.60456041
586,2024-11-28 07:00:00,Asia/Bangkok,94.42925158,11.80651731,10.25661914,7.655804481,23.68946595
587,2024-11-29 07:00:00,Asia/Bangkok,94.97291483,3.865942029,3.489130435,2.231884058,23.70704856
588,2024-11-30 07:00:00,Asia/Bangkok,92.03506723,10.60939794,8.888399413,6.615271659,24.88858509
589,2024-12-01 07:00:00,Asia/Bangkok,82.47203572,21.03322259,17.54706534,14.0786268,27.0500664
590,2024-12-02 07:00:00,Asia/Bangkok,82.8523281,17.14416244,14.64568528,11.25482234,27.61667208
591,2024-12-03 07:00:00,Asia/Bangkok,79.08326574,15.91508492,13.73526474,10.51148851,28.23022202
592,2024-12-04 07:00:00,Asia/Bangkok,82.93179735,32.56820513,28.16205128,25.21128205,27.83687191
593,2024-12-05 07:00:00,Asia/Bangkok,86.33631916,13.21806854,11.41017653,8.477673936,26.34416323
594,2024-12-06 07:00:00,Asia/Bangkok,85.9489745,8.379274611,7.329533679,5.336787565,26.66639029
595,2024-12-07 07:00:00,Asia/Bangkok,77.07546453,10.31027254,8.889937107,6.435010482,28.87896683
596,2024-12-08 07:00:00,Asia/Bangkok,81.34446238,11.37708333,9.769791667,7.344791667,28.47717733
597,2024-12-09 07:00:00,Asia/Bangkok,75.53309806,13.64536741,11.33013845,8.428115016,29.53757167
598,2024-12-10 07:00:00,Asia/Bangkok,87.58851807,10.64652223,9.2668187,6.762827822,26.26851881
599,2024-12-11 07:00:00,Asia/Bangkok,86.21114315,13.97838453,12.11149033,9.112627986,26.96842134
600,2024-12-12 07:00:00,Asia/Bangkok,76.76375739,27.12,23.36947368,19.92736842,28.44922766
601,2024-12-13 07:00:00,Asia/Bangkok,91.50571854,29.0481523,25.33930571,22.15341545,25.17852675
602,2024-12-14 07:00:00,Asia/Bangkok,92.64725453,18.51612903,16.01075269,12.88052569,25.29949062
603,2024-12-15 07:00:00,Asia/Bangkok,90.92676344,10.65603329,9.330097087,7.273231623,25.67493374
604,2024-12-16 07:00:00,Asia/Bangkok,79.7649149,3.570114943,3.025287356,1.912643678,28.35347451
605,2024-12-17 07:00:00,Asia/Bangkok,90.34836141,4.764150943,3.617924528,2.339622642,25.19116312
606,2024-12-18 07:00:00,Asia/Bangkok,84.05981007,17.21540179,14.57254464,11.18191964,27.11066405
607,2024-12-19 07:00:00,Asia/Bangkok,79.96245062,19.22235023,16.49308756,12.97119816,27.81244039
608,2024-12-20 07:00:00,Asia/Bangkok,81.18694567,16.11495536,13.84709821,10.70200893,27.21149422
609,2024-12-21 07:00:00,Asia/Bangkok,75.51609395,20.57853982,17.38274336,13.81084071,28.14132658
610,2024-12-22 07:00:00,Asia/Bangkok,74.54950517,25.52529602,21.65016146,18.07750269,28.19279967
611,2024-12-23 07:00:00,Asia/Bangkok,75.32883579,33.90642616,29.2356257,26.15219842,27.94152466
612,2024-12-24 07:00:00,Asia/Bangkok,81.53418756,33.71923937,29.04697987,26.09619687,26.57672829
613,2024-12-25 07:00:00,Asia/Bangkok,76.30350411,29.92693566,25.8778626,22.93238822,27.3606459
614,2024-12-26 07:00:00,Asia/Bangkok,74.53896781,29.61738149,25.48758465,22.1523702,27.8856105
615,2024-12-27 07:00:00,Asia/Bangkok,75.20863671,27.89198606,24.46922184,22.0174216,28.56615288
616,2024-12-28 07:00:00,Asia/Bangkok,85.09993301,11.58352403,9.878718535,7.528604119,27.52938638
617,2024-12-29 07:00:00,Asia/Bangkok,75.15775666,7.612268519,6.484953704,4.612268519,29.261208
618,2024-12-30 07:00:00,Asia/Bangkok,80.37103848,13.22960373,10.6025641,7.7995338,27.48605957
619,2024-12-31 07:00:00,Asia/Bangkok,75.57260566,27.14069767,23.22209302,19.75581395,28.27162924
620,2025-01-01 07:00:00,Asia/Bangkok,72.44257267,22.52013809,19.56271577,16.24856157,28.56644241
621,2025-01-02 07:00:00,Asia/Bangkok,76.00503258,29.93072626,26.08156425,22.61787709,27.97402378
622,2025-01-03 07:00:00,Asia/Bangkok,73.68862709,26.992,23.38171429,19.968,28.30912984
623,2025-01-04 07:00:00,Asia/Bangkok,75.65725964,33.49114522,29.21723731,26.2987013,28.66062691
624,2025-01-05 07:00:00,Asia/Bangkok,78.87444664,23.31353919,21.0023753,19.83966746,28.30080045
625,2025-01-06 07:00:00,Asia/Bangkok,72.84464272,14.91238318,13.0478972,10.90654206,28.82550871
626,2025-01-07 07:00:00,Asia/Bangkok,70.6302986,41.07553957,36.53956835,36.58033573,29.14509714
627,2025-01-08 07:00:00,Asia/Bangkok,71.16863679,39.41190198,35.53675613,36.76779463,28.92154323
628,2025-01-09 07:00:00,Asia/Bangkok,70.98357325,38.69151376,33.81077982,31.94610092,28.38316499
629,2025-01-10 07:00:00,Asia/Bangkok,70.49148702,42.10409357,37.29122807,36.85614035,28.94570446
630,2025-01-11 07:00:00,Asia/Bangkok,73.56838108,45.08333333,40.51173709,42.00704225,28.35745935
631,2025-01-12 07:00:00,Asia/Bangkok,85.37980604,38.83433373,34.02521008,33.13445378,25.43497185
632,2025-01-13 07:00:00,Asia/Bangkok,78.29220202,48.63221477,42.59463087,47.7261745,25.99734112
633,2025-01-14 07:00:00,Asia/Bangkok,74.88720398,58.21818182,51.46060606,67.73818182,26.78088313
634,2025-01-15 07:00:00,Asia/Bangkok,74.20140186,46.75,42.43023256,45.20465116,27.14672211
635,2025-01-16 07:00:00,Asia/Bangkok,89.87342514,51.15431165,45.7473525,60.75794251,24.99060401
636,2025-01-17 07:00:00,Asia/Bangkok,80.84893915,17.50921986,14.06099291,10.90070922,27.22166504
637,2025-01-18 07:00:00,Asia/Bangkok,83.51267727,20.45454545,16.2231405,12.65289256,26.83243622
638,2025-01-19 07:00:00,Asia/Bangkok,85.33809496,35.74168514,31.79822616,30.7383592,25.59878138
639,2025-01-20 07:00:00,Asia/Bangkok,84.719634,44.95324971,40.24515393,41.10148233,26.35723455
640,2025-01-21 07:00:00,Asia/Bangkok,72.15098052,25.17283951,21.40628507,17.99326599,28.367937
641,2025-01-22 07:00:00,Asia/Bangkok,75.59979297,35.32941176,30.31176471,27.44823529,27.67156374
642,2025-01-23 07:00:00,Asia/Bangkok,73.8887307,44.60714286,39.52790179,39.93861607,28.17173543
643,2025-01-24 07:00:00,Asia/Bangkok,76.51729647,45.56692057,40.67791077,42.08052231,27.91871857
644,2025-01-25 07:00:00,Asia/Bangkok,86.92736858,17.64912281,15.03859649,11.62222222,26.47723154
645,2025-01-26 07:00:00,Asia/Bangkok,79.55261302,34.57931034,29.74367816,27.21609195,27.7487656
646,2025-01-27 07:00:00,Asia/Bangkok,76.49006694,19.39666667,16.44777778,13.00444444,28.47096062
647,2025-01-28 07:00:00,Asia/Bangkok,73.2380032,26.33069977,21.58013544,17.98306998,27.87928839
648,2025-01-29 07:00:00,Asia/Bangkok,75.60810197,27.84204545,22.69772727,18.94545455,27.24272595
649,2025-01-30 07:00:00,Asia/Bangkok,71.16767395,31.12442922,26.1609589,22.82648402,27.51293097
650,2025-01-31 07:00:00,Asia/Bangkok,68.52036783,28.62870159,24.00341686,20.37015945,27.33671849
651,2025-02-01 07:00:00,Asia/Bangkok,69.23103116,36.79357798,31.66972477,29.26720183,27.31540956
652,2025-02-02 07:00:00,Asia/Bangkok,70.34163933,37.6975945,32.65521191,30.52806415,27.68389042
653,2025-02-03 07:00:00,Asia/Bangkok,65.1142608,39.89805825,35.09466019,33.7342233,28.64454448
654,2025-02-04 07:00:00,Asia/Bangkok,70.26652177,28.52307692,24.4591716,21,27.77543215
655,2025-02-05 07:00:00,Asia/Bangkok,71.50094292,16.69953052,13.9870892,10.82394366,28.32744995
656,2025-02-06 07:00:00,Asia/Bangkok,69.51178257,23.70926143,19.45486518,15.79484174,28.57917651
657,2025-02-07 07:00:00,Asia/Bangkok,70.93395231,34.74325909,29.32121923,26.16647128,28.2719269
658,2025-02-08 07:00:00,Asia/Bangkok,69.34854779,30.65424913,26,22.3806752,28.38559575
659,2025-02-09 07:00:00,Asia/Bangkok,69.91638445,28.97106481,24.61689815,20.97685185,28.37374239
660,2025-02-10 07:00:00,Asia/Bangkok,71.22633582,30.65266742,25.8569807,22.37457435,28.25120069
661,2025-02-11 07:00:00,Asia/Bangkok,68.15962447,32.53295455,27.52272727,24.12045455,28.69379904
662,2025-02-11 11:15:42,Asia/Bangkok,76.32975059,33.7877551,29.5877551,27.91836735,27.63386571
